Workbook

Sheet Summary
B2: Anuradha Kagod
B3: C/o Hotel Shanth
B5: Liquor Details for the month of August 2026
B7: Purchase Details | E7: Sales Details
B8: Sl.No | C8: 46235 | E8: Sl.No | F8: Invoice no. | G8: 46235
B9: 1 | C9: ='Purchase August 2026'!G46 -> 291587.08 | E9: 1 | F9: 911 | G9: ='Sales August 2026'!G30 -> 211674.7
B10: 2 | C10: ='Purchase August 2026'!N45 -> 231759.48 | E10: 2 | F10: 912 | G10: ='Sales August 2026'!N30 -> 109071.08
B11: 3 | C11: ='Purchase August 2026'!U41 -> 226034.1 | E11: 3 | F11: 913 | G11: ='Sales August 2026'!U30 -> 144846.16
B12: 4 | C12: ='Purchase August 2026'!AB47 -> 340148.12 | E12: 4 | F12: 914 | G12: ='Sales August 2026'!AB29 -> 110089.26
B13: Purchase Total | C13: =SUM(C9:C12) -> 1089528.8 | E13: 5 | F13: 915 | G13: ='Sales August 2026'!AI28 -> 179434.22
E14: 6 | F14: 916 | G14: ='Sales August 2026'!AP27 -> 69203.288
E15: 7 | F15: 917 | G15: ='Sales August 2026'!AW31 -> 255073.17
E16: 8 | F16: 918 | G16: ='Sales August 2026'!BD30 -> 119089.76
F17: Sales Total | G17: =SUM(G9:G16) -> 1198481.7

Sheet Purchase August 2026
B3: INVOICE | I3: INVOICE | P3: INVOICE | W3: INVOICE
B4: KARNATAKA STATE BEVERAGES CORPORATION LIMITED | I4: KARNATAKA STATE BEVERAGES CORPORATION LIMITED | P4: KARNATAKA STATE BEVERAGES CORPORATION LIMITED | W4: KARNATAKA STATE BEVERAGES CORPORATION LIMITED
B5: GSTIN - 29AACCK1421A1Z7 | I5: GSTIN - 29AACCK1421A1Z7 | P5: GSTIN - 29AACCK1421A1Z7 | W5: GSTIN - 29AACCK1421A1Z7
B6: Invoice No : SSGR26003983 | D6: Date : | E6: 46241 | I6: Invoice No : SSGR26004188 | K6: Date : | L6: 46248 | P6: Invoice No : SSGR26004326 | R6: Date : | S6: 46253 | W6: Invoice No : SSGR26004536 | Y6: Date : | Z6: 46262
B8: Bill To. | D8: Delivery To. | I8: Bill To. | K8: Delivery To. | P8: Bill To. | R8: Delivery To. | W8: Bill To. | Y8: Delivery To.
B9: Anuradha Kagod | D9: Sri Sai Restaurant. | I9: Anuradha Kagod | K9: Sri Sai Restaurant. | P9: Anuradha Kagod | R9: Sri Sai Restaurant. | W9: Anuradha Kagod | Y9: Sri Sai Restaurant.
B10: Soraba Road, Sagar - 577401, | D10: Soraba Road, Sagar - 577401, | I10: Soraba Road, Sagar - 577401, | K10: Soraba Road, Sagar - 577401, | P10: Soraba Road, Sagar - 577401, | R10: Soraba Road, Sagar - 577401, | W10: Soraba Road, Sagar - 577401, | Y10: Soraba Road, Sagar - 577401,
B11: Shimogga District. | D11: Shimogga District. | I11: Shimogga District. | K11: Shimogga District. | P11: Shimogga District. | R11: Shimogga District. | W11: Shimogga District. | Y11: Shimogga District.
B12: GSTIN - 29AJJPK1418N1ZU | I12: GSTIN - 29AJJPK1418N1ZU | P12: GSTIN - 29AJJPK1418N1ZU | W12: GSTIN - 29AJJPK1418N1ZU
B13: SL.No | C13: ITEMS NAME | D13: CBs | E13: Blts. | F13: RATE for CB | G13: Purchase Amt | I13: SL.No | J13: ITEMS NAME | K13: CBs | L13: Blts. | M13: RATE for CB | N13: Purchase Amt | P13: SL.No | Q13: ITEMS NAME | R13: CBs | S13: Blts. | T13: RATE for CB | U13: Purchase Amt | W13: SL.No | X13: ITEMS NAME | Y13: CBs | Z13: Blts. | AA13: RATE for CB | AB13: Purchase Amt
B14: 1 | C14: Buzzballz Easy-to-Drink Flavoured Alcoholic Beverage Berry Lemon Squeeze Aromatized Wine-PET 180MLx48P.Btls(0609) | D14: 0 | E14: 24 | F14: 4363.64 | G14: 2181.82 | I14: 1 | J14: Bacardi+Cranberry 275MLx24Btls(0057) | K14: 1 | L14: 0 | M14: 2509.06 | N14: 2509.06 | P14: 1 | Q14: Bagpiper Deluxe Whisky-Aseptic Brick Pack(40%) 180MLx48ABP(0546) | R14: 2 | S14: 0 | T14: 6731.49 | U14: 13462.98 | W14: 1 | X14: Bagpiper Deluxe Whisky-PET(40%)750MLx12P.Btls(0538) | Y14: 1 | Z14: 0 | AA14: 6984.75 | AB14: 6984.75
B15: 2 | C15: Buzzballz Easy-to-Drink Flavoured Alcoholic Beverage Strawberry Squeeze Aromatized Wine-PET 180MLx48P.Btls(0609) | D15: 0 | E15: 24 | F15: 4363.64 | G15: 2181.82 | I15: 2 | J15: Breezer Tangy Cranberry Flavour 275MLx24Btls(0057) | K15: 1 | L15: 0 | M15: 2836.36 | N15: 2836.36 | P15: 2 | Q15: DSP Black Deluxe Whisky-PET 180MLx48P.Btls(0020) | R15: 1 | S15: 0 | T15: 8805.34 | U15: 8805.34 | W15: 2 | X15: Bagpiper Deluxe Whisky-Tetra Pack (40%) 180MLx48Btls(0544) | Y15: 2 | Z15: 0 | AA15: 6731.49 | AB15: 13462.98
B16: 3 | C16: After Dark Blue Classic Grain Whisky-PET 180MLx48P.Btls(0537) | D16: 1 | E16: 0 | F16: 8718.78 | G16: 8718.78 | I16: 3 | J16: Bagpiper Deluxe Whisky-Tetra Pack (40%) 180MLx48Btls(0544) | K16: 1 | L16: 0 | M16: 6731.49 | N16: 6731.49 | P16: 3 | Q16: Director's Special Whisky-Tetra Pack 180MLx48T.Packs(0524) | R16: 1 | S16: 0 | T16: 7156.97 | U16: 7156.97 | W16: 3 | X16: Black & White Blended Scotch Whisky 750MLx12Btls(0020) | Y16: 0 | Z16: 3 | AA16: 25883.17 | AB16: 6470.79
B17: 4 | C17: Bagpiper Deluxe Whisky-PET(40%)750MLx12P.Btls(0538) | D17: 1 | E17: 0 | F17: 6984.75 | G17: 6984.75 | I17: 4 | J17: Black & White Blended Scotch Whisky 750MLx12Btls(0020) | K17: 0 | L17: 3 | M17: 25883.17 | N17: 6470.79 | P17: 4 | Q17: MCDOWELLS NO.1 PREMIUM RESERVE WHISKY 750MLx12Btls(0020) | R17: 1 | S17: 0 | T17: 9084.2 | U17: 9084.2 | W17: 4 | X17: Black & White Blended Scotch Whisky-PET 180MLx48P.Btls(0020) | Y17: 0 | Z17: 24 | AA17: 25154.37 | AB17: 12577.19
B18: 5 | C18: DSP Black Deluxe Whisky-PET 180MLx48P.Btls(0020) | D18: 2 | E18: 0 | F18: 8805.34 | G18: 17610.68 | I18: 5 | J18: Black & White Blended Scotch Whisky-PET 180MLx48P.Btls(0020) | K18: 0 | L18: 24 | M18: 25154.37 | N18: 12577.19 | P18: 5 | Q18: McDowell's No.1 Luxury Select Collection Whisky 750MLx12Btls(0524) | R18: 2 | S18: 0 | T18: 9628.7 | U18: 19257.4 | W18: 5 | X18: DSP Black Deluxe Whisky-PET 180MLx48P.Btls(0020) | Y18: 2 | Z18: 0 | AA18: 8805.34 | AB18: 17610.68
B19: 6 | C19: Iconiq White Grand International Grain Whisky 180MLx48Btls(0608) | D19: 1 | E19: 0 | F19: 8726.82 | G19: 8726.82 | I19: 6 | J19: Director's Special Whisky-Tetra Pack 180MLx48T.Packs(0524) | K19: 1 | L19: 0 | M19: 7156.97 | N19: 7156.97 | P19: 6 | Q19: McDowell's No.1 Supreme Special Whisky Original 180MLx48Btls(0524) | R19: 1 | S19: 0 | T19: 9295.78 | U19: 9295.78 | W19: 6 | X19: McDowell's No.1 Luxury Select Collection Whisky 750MLx12Btls(0524) | Y19: 3 | Z19: 0 | AA19: 9628.7 | AB19: 28886.1
B20: 7 | C20: Mcdowell's No 1 Luxury Select Collection Whisky 180MLx48Btls(0020) | D20: 5 | E20: 0 | F20: 9295.78 | G20: 46478.9 | I20: 7 | J20: McDowell's No.1 Luxury Select Collection Whisky 750MLx12Btls(0524) | K20: 1 | L20: 0 | M20: 9628.7 | N20: 9628.7 | P20: 7 | Q20: Officer's Choice Special Whisky-Aseptic Brick Pack 180MLx48ABP(0608) | R20: 1 | S20: 0 | T20: 7179.32 | U20: 7179.32 | W20: 7 | X20: McDowell's No.1 Supreme Special Whisky Original 180MLx48Btls(0524) | Y20: 2 | Z20: 0 | AA20: 9295.78 | AB20: 18591.56
B21: 8 | C21: Officer's Choice Special Whisky-PET 750MLx12P.Btls(0608) | D21: 1 | E21: 0 | F21: 7447.05 | G21: 7447.05 | I21: 8 | J21: McDowell's No.1 Supreme Special Whisky Original 180MLx48Btls(0524) | K21: 1 | L21: 0 | M21: 9295.78 | N21: 9295.78 | P21: 8 | Q21: Officer's Choice Special Whisky-PET 750MLx12P.Btls(0608) | R21: 1 | S21: 0 | T21: 7447.05 | U21: 7447.05 | W21: 8 | X21: Officer's Choice Special Whisky-Aseptic Brick Pack 180MLx48ABP(0608) | Y21: 1 | Z21: 0 | AA21: 7179.32 | AB21: 7179.32
B22: 9 | C22: Seagram's Imperial Blue Select Batch Grain Whisky 180MLx48Btls(0601) | D22: 2 | E22: 0 | F22: 8726.82 | G22: 17453.64 | I22: 9 | J22: Officer's Choice Special Whisky-Aseptic Brick Pack 180MLx48ABP(0608) | K22: 1 | L22: 0 | M22: 7179.32 | N22: 7179.32 | P22: 9 | Q22: Seagram's Imperial Blue Select Batch Grain Whisky 180MLx48Btls(0601) | R22: 2 | S22: 0 | T22: 8726.82 | U22: 17453.64 | W22: 9 | X22: Royal Challenge Premium Select Whisky-PET 180MLx48P.Btls(0020) | Y22: 1 | Z22: 0 | AA22: 12215.05 | AB22: 12215.05
B23: 10 | C23: Seagram's Imperial Blue Select Batch Grain Whisky 750MLx12Btls(0601) | D23: 1 | E23: 0 | F23: 9085.2 | G23: 9085.2 | I23: 10 | J23: Seagram's Imperial Blue Select Batch Grain Whisky 180MLx48Btls(0601) | K23: 2 | L23: 0 | M23: 8726.82 | N23: 17453.64 | P23: 10 | Q23: Seagram's Blenders Pride Rare Premium Whisky 180ML(0091) | R23: 2 | S23: 0 | T23: 15054.42 | U23: 30108.84 | W23: 10 | X23: Seagram's Imperial Blue Select Batch Grain Whisky 180MLx48Btls(0601) | Y23: 4 | Z23: 0 | AA23: 8726.82 | AB23: 34907.28
B24: 11 | C24: Seagram's 100 Pipers Deluxe Blended Scotch Whisky 180ML(0091) | D24: 0 | E24: 12 | F24: 25308.14 | G24: 6327.04 | I24: 11 | J24: Seagram's Imperial Blue Select Batch Grain Whisky 750MLx12Btls(0601) | K24: 1 | L24: 0 | M24: 9085.2 | N24: 9085.2 | P24: 11 | Q24: Seagram's Blenders Pride Rare Premium Whisky 750ML(0091) | R24: 0 | S24: 7 | T24: 14508.28 | U24: 8463.16 | W24: 11 | X24: Seagram's Imperial Blue Select Batch Grain Whisky 750MLx12Btls(0601) | Y24: 1 | Z24: 0 | AA24: 9085.2 | AB24: 9085.2
B25: 12 | C25: Seagram's Blenders Pride Rare Premium Whisky 180ML(0091) | D25: 2 | E25: 0 | F25: 15054.42 | G25: 30108.84 | I25: 12 | J25: Seagram's 100 Pipers Deluxe Blended Scotch Whisky 750ML(0091) | K25: 0 | L25: 3 | M25: 25882.17 | N25: 6470.54 | P25: 12 | Q25: Seagram's Royal Stag Deluxe Whisky 180ML(0091) | R25: 1 | S25: 0 | T25: 12028.12 | U25: 12028.12 | W25: 12 | X25: Seagram's 100 Pipers Deluxe Blended Scotch Whisky 180ML(0091) | Y25: 0 | Z25: 24 | AA25: 25308.14 | AB25: 12654.07
... B40: 27 | C40: Kingfisher Ultra Max Premium Strong Beer 650MLx12Btls(0210) | D40: 3 | E40: 0 | F40: 2672.71 | G40: 8018.13 | I40: 27 | J40: Kingfisher Premium Lager Beer 650MLx12Btls(0210) | K40: 4 | L40: 0 | M40: 1187.75 | N40: 4751 | P40: 27 | Q40: Budweiser Premium King of Beers-CAN 500MLx24Cans(0217) | R40: 1 | S40: 0 | T40: 3439.88 | U40: 3439.88 | W40: 27 | X40: Kingfisher Premium Lager Beer 650MLx12Btls(0210) | Y40: 4 | Z40: 0 | AA40: 1187.75 | AB40: 4751
B41: 28 | C41: Tuborg Strong Premium Beer 650MLx12Btls(0205) | D41: 10 | E41: 0 | F41: 1809.6 | G41: 18096 | I41: 28 | J41: Kingfisher Strong Premium Beer 330MLx24Btls(0206) | K41: 1 | L41: 0 | M41: 2093.97 | N41: 2093.97 | Q41: Total | R41: =SUM(R14:R40) -> 50 | S41: =SUM(S14:S40) -> 31 | U41: =SUM(U14:U40) -> 226034.1 | W41: 28 | X41: Kingfisher Strong Premium Beer 330MLx24Btls(0206) | Y41: 1 | Z41: 0 | AA41: 2093.97 | AB41: 2093.97
B42: 29 | C42: UB Export Strong Premium Beer 330MLx24Btls(0206) | D42: 1 | E42: 0 | F42: 2017.56 | G42: 2017.56 | I42: 29 | J42: Kingfisher Ultra Max Premium Strong Beer 650MLx12Btls(0210) | K42: 1 | L42: 0 | M42: 2672.71 | N42: 2672.71 | W42: 29 | X42: Kingfisher Strong Premium Beer 650MLx12Btls(0210) | Y42: 8 | Z42: 0 | AA42: 1953.04 | AB42: 15624.32
B43: 30 | C43: UB Export Strong Premium Beer 650MLx12Btls(0206) | D43: 10 | E43: 0 | F43: 1455.84 | G43: 14558.4 | I43: 30 | J43: UB Export Strong Premium Beer 330MLx24Btls(0206) | K43: 1 | L43: 0 | M43: 2017.56 | N43: 2017.56 | W43: 30 | X43: Kingfisher Ultra Max Premium Strong Beer 650MLx12Btls(0210) | Y43: 1 | Z43: 0 | AA43: 2672.71 | AB43: 2672.71
B44: 31 | C44: Budweiser Magnum Beer-CAN 500MLx24Cans(0217) | D44: 1 | E44: 0 | F44: 4279.99 | G44: 4279.99 | I44: 31 | J44: UB Export Strong Premium Beer 650MLx12Btls(0210) | K44: 10 | L44: 0 | M44: 1455.84 | N44: 14558.4 | W44: 31 | X44: UB Export Strong Premium Beer 330MLx24Btls(0206) | Y44: 1 | Z44: 0 | AA44: 2017.56 | AB44: 2017.56
B45: 32 | C45: Budweiser Premium King of Beers-CAN 500MLx24Cans(0217) | D45: 1 | E45: 0 | F45: 3439.88 | G45: 3439.88 | J45: Total | K45: =SUM(K14:K44) -> 52 | L45: =SUM(L14:L44) -> 57 | N45: =SUM(N14:N44) -> 231759.48 | W45: 32 | X45: UB Export Strong Premium Beer 650MLx12Btls(0210) | Y45: 10 | Z45: 0 | AA45: 1455.84 | AB45: 14558.4
C46: Total | D46: =SUM(D14:D45) -> 63 | E46: =SUM(E14:E45) -> 81 | G46: =SUM(G14:G45) -> 291587.08 | W46: 33 | X46: Budweiser Magnum Beer-CAN 500MLx24Cans(0217) | Y46: 1 | Z46: 0 | AA46: 4279.99 | AB46: 4279.99
X47: Total | Y47: =SUM(Y14:Y46) -> 70 | Z47: =SUM(Z14:Z46) -> 57 | AB47: =SUM(AB14:AB46) -> 340148.12

Sheet Sales August 2026
B3: INVOICE | I3: INVOICE | P3: INVOICE | W3: INVOICE | AD3: INVOICE | AK3: INVOICE | AR3: INVOICE | AY3: INVOICE
B4: KARNATAKA STATE BEVERAGES CORPORATION LIMITED | I4: KARNATAKA STATE BEVERAGES CORPORATION LIMITED | P4: KARNATAKA STATE BEVERAGES CORPORATION LIMITED | W4: KARNATAKA STATE BEVERAGES CORPORATION LIMITED | AD4: KARNATAKA STATE BEVERAGES CORPORATION LIMITED | AK4: KARNATAKA STATE BEVERAGES CORPORATION LIMITED | AR4: KARNATAKA STATE BEVERAGES CORPORATION LIMITED | AY4: KARNATAKA STATE BEVERAGES CORPORATION LIMITED
B5: GSTIN - 29AACCK1421A1Z7 | I5: GSTIN - 29AACCK1421A1Z7 | P5: GSTIN - 29AACCK1421A1Z7 | W5: GSTIN - 29AACCK1421A1Z7 | AD5: GSTIN - 29AACCK1421A1Z7 | AK5: GSTIN - 29AACCK1421A1Z7 | AR5: GSTIN - 29AACCK1421A1Z7 | AY5: GSTIN - 29AACCK1421A1Z7
B6: Invoice No : 911 | D6: Date : | E6: 46243 | I6: Invoice No : 912 | K6: Date : | L6: 46246 | P6: Invoice No : 913 | R6: Date : | S6: 46249 | W6: Invoice No : 914 | Y6: Date : | Z6: 46252 | AD6: Invoice No : 915 | AF6: Date : | AG6: 46255 | AK6: Invoice No : 916 | AM6: Date : | AN6: 46258 | AR6: Invoice No : 917 | AT6: Date : | AU6: 46261 | AY6: Invoice No : 918 | BA6: Date : | BB6: 46264
B8: Bill To. | D8: Delivery To. | I8: Bill To. | K8: Delivery To. | P8: Bill To. | R8: Delivery To. | W8: Bill To. | Y8: Delivery To. | AD8: Bill To. | AF8: Delivery To. | AK8: Bill To. | AM8: Delivery To. | AR8: Bill To. | AT8: Delivery To. | AY8: Bill To. | BA8: Delivery To.
B9: Anuradha Kagod | D9: Sri Sai Restaurant. | I9: Anuradha Kagod | K9: Sri Sai Restaurant. | P9: Anuradha Kagod | R9: Sri Sai Restaurant. | W9: Anuradha Kagod | Y9: Sri Sai Restaurant. | AD9: Anuradha Kagod | AF9: Sri Sai Restaurant. | AK9: Anuradha Kagod | AM9: Sri Sai Restaurant. | AR9: Anuradha Kagod | AT9: Sri Sai Restaurant. | AY9: Anuradha Kagod | BA9: Sri Sai Restaurant.
B10: Soraba Road, Sagar - 577401, | D10: Soraba Road, Sagar - 577401, | I10: Soraba Road, Sagar - 577401, | K10: Soraba Road, Sagar - 577401, | P10: Soraba Road, Sagar - 577401, | R10: Soraba Road, Sagar - 577401, | W10: Soraba Road, Sagar - 577401, | Y10: Soraba Road, Sagar - 577401, | AD10: Soraba Road, Sagar - 577401, | AF10: Soraba Road, Sagar - 577401, | AK10: Soraba Road, Sagar - 577401, | AM10: Soraba Road, Sagar - 577401, | AR10: Soraba Road, Sagar - 577401, | AT10: Soraba Road, Sagar - 577401, | AY10: Soraba Road, Sagar - 577401, | BA10: Soraba Road, Sagar - 577401,
B11: Shimogga District. | D11: Shimogga District. | I11: Shimogga District. | K11: Shimogga District. | P11: Shimogga District. | R11: Shimogga District. | W11: Shimogga District. | Y11: Shimogga District. | AD11: Shimogga District. | AF11: Shimogga District. | AK11: Shimogga District. | AM11: Shimogga District. | AR11: Shimogga District. | AT11: Shimogga District. | AY11: Shimogga District. | BA11: Shimogga District.
B12: GSTIN - 29AJJPK1418N1ZU | I12: GSTIN - 29AJJPK1418N1ZU | P12: GSTIN - 29AJJPK1418N1ZU | W12: GSTIN - 29AJJPK1418N1ZU | AD12: GSTIN - 29AJJPK1418N1ZU | AK12: GSTIN - 29AJJPK1418N1ZU | AR12: GSTIN - 29AJJPK1418N1ZU | AY12: GSTIN - 29AJJPK1418N1ZU
B13: SL.No | C13: ITEMS NAME | D13: CB | E13: Blts. | F13: RATE for CB | G13: SALES AMOUNT | I13: SL.No | J13: ITEMS NAME | K13: CB | L13: Blts. | M13: RATE for CB | N13: SALES AMOUNT | P13: SL.No | Q13: ITEMS NAME | R13: CB | S13: Blts. | T13: RATE for CB | U13: SALES AMOUNT | W13: SL.No | X13: ITEMS NAME | Y13: CB | Z13: Blts. | AA13: RATE for CB | AB13: SALES AMOUNT | AD13: SL.No | AE13: ITEMS NAME | AF13: CB | AG13: Blts. | AH13: RATE for CB | AI13: SALES AMOUNT | AK13: SL.No | AL13: ITEMS NAME | AM13: CB | AN13: Blts. | AO13: RATE for CB | AP13: SALES AMOUNT | AR13: SL.No | AS13: ITEMS NAME | AT13: CB | AU13: Blts. | AV13: RATE for CB | AW13: SALES AMOUNT | AY13: SL.No | AZ13: ITEMS NAME | BA13: CB | BB13: Blts. | BC13: RATE for CB | BD13: SALES AMOUNT
B14: 1 | C14: ='Purchase August 2026'!C14 -> Buzzballz Easy-to-Drink Flavoured Alcoholic Beverage Berry Lemon Squeeze Aromatized Wine-PET 180MLx48P.Btls(0609) | D14: ='Purchase August 2026'!D14 -> 0 | E14: ='Purchase August 2026'!E14 -> 24 | F14: ='Purchase August 2026'!F14 -> 4363.64 | G14: =('Purchase August 2026'!G14)*1.1 -> 2400.002 | I14: 1 | J14: ='Purchase August 2026'!C30 -> Old Monk Very Old Vatted Special XXX Rum-Aseptic Brick Pack 180MLx48ABP(0532) | K14: ='Purchase August 2026'!D30 -> 1 | L14: ='Purchase August 2026'!E30 -> 0 | M14: ='Purchase August 2026'!F30 -> 7629.11 | N14: =('Purchase August 2026'!G30)*1.1 -> 8392.021 | P14: 1 | Q14: ='Purchase August 2026'!J14 -> Bacardi+Cranberry 275MLx24Btls(0057) | R14: ='Purchase August 2026'!K14 -> 1 | S14: ='Purchase August 2026'!L14 -> 0 | T14: ='Purchase August 2026'!M14 -> 2509.06 | U14: =('Purchase August 2026'!N14)*1.1 -> 2759.966 | W14: 1 | X14: ='Purchase August 2026'!J30 -> Mcdowell's No.1 Celebration Classic XXX Rum - Tetra Pack 180MLx48T.Packs(0524) | Y14: ='Purchase August 2026'!K30 -> 1 | Z14: ='Purchase August 2026'!L30 -> 0 | AA14: ='Purchase August 2026'!M30 -> 7155.96 | AB14: =('Purchase August 2026'!N30)*1.1 -> 7871.556 | AD14: 1 | AE14: ='Purchase August 2026'!Q14 -> Bagpiper Deluxe Whisky-Aseptic Brick Pack(40%) 180MLx48ABP(0546) | AF14: ='Purchase August 2026'!R14 -> 2 | AG14: ='Purchase August 2026'!S14 -> 0 | AH14: ='Purchase August 2026'!T14 -> 6731.49 | AI14: =('Purchase August 2026'!U14)*1.1 -> 14809.278 | AK14: 1 | AL14: ='Purchase August 2026'!Q28 -> Budweiser Premium King of Beers 650MLx12Btls(0217) | AM14: ='Purchase August 2026'!R28 -> 4 | AN14: ='Purchase August 2026'!S28 -> 0 | AO14: ='Purchase August 2026'!T28 -> 2232.11 | AP14: =('Purchase August 2026'!U28)*1.1 -> 9821.284 | AR14: 1 | AS14: ='Purchase August 2026'!X14 -> Bagpiper Deluxe Whisky-PET(40%)750MLx12P.Btls(0538) | AT14: ='Purchase August 2026'!Y14 -> 1 | AU14: ='Purchase August 2026'!Z14 -> 0 | AV14: ='Purchase August 2026'!AA14 -> 6984.75 | AW14: =('Purchase August 2026'!AB14)*1.1 -> 7683.225 | AY14: 1 | AZ14: ='Purchase August 2026'!X31 -> Old Monk Very Old Vatted Special XXX Rum-Aseptic Brick Pack 180MLx48ABP(0532) | BA14: ='Purchase August 2026'!Y31 -> 1 | BB14: ='Purchase August 2026'!Z31 -> 0 | BC14: ='Purchase August 2026'!AA31 -> 7629.11 | BD14: =('Purchase August 2026'!AB31)*1.1 -> 8392.021
B15: 2 | C15: ='Purchase August 2026'!C15 -> Buzzballz Easy-to-Drink Flavoured Alcoholic Beverage Strawberry Squeeze Aromatized Wine-PET 180MLx48P.Btls(0609) | D15: ='Purchase August 2026'!D15 -> 0 | E15: ='Purchase August 2026'!E15 -> 24 | F15: ='Purchase August 2026'!F15 -> 4363.64 | G15: =('Purchase August 2026'!G15)*1.1 -> 2400.002 | I15: 2 | J15: ='Purchase August 2026'!C31 -> Magic Moments Remix Flavoured Vodka ORANGE 750ML(0502) | K15: ='Purchase August 2026'!D31 -> 0 | L15: ='Purchase August 2026'!E31 -> 3 | M15: ='Purchase August 2026'!F31 -> 11873.32 | N15: =('Purchase August 2026'!G31)*1.1 -> 3265.163 | P15: 2 | Q15: ='Purchase August 2026'!J15 -> Breezer Tangy Cranberry Flavour 275MLx24Btls(0057) | R15: ='Purchase August 2026'!K15 -> 1 | S15: ='Purchase August 2026'!L15 -> 0 | T15: ='Purchase August 2026'!M15 -> 2836.36 | U15: =('Purchase August 2026'!N15)*1.1 -> 3119.996 | W15: 2 | X15: ='Purchase August 2026'!J31 -> Old Monk Very Old Vatted Special XXX Rum-Aseptic Brick Pack 180MLx48ABP(0532) | Y15: ='Purchase August 2026'!K31 -> 1 | Z15: ='Purchase August 2026'!L31 -> 0 | AA15: ='Purchase August 2026'!M31 -> 7629.11 | AB15: =('Purchase August 2026'!N31)*1.1 -> 8392.021 | AD15: 2 | AE15: ='Purchase August 2026'!Q15 -> DSP Black Deluxe Whisky-PET 180MLx48P.Btls(0020) | AF15: ='Purchase August 2026'!R15 -> 1 | AG15: ='Purchase August 2026'!S15 -> 0 | AH15: ='Purchase August 2026'!T15 -> 8805.34 | AI15: =('Purchase August 2026'!U15)*1.1 -> 9685.874 | AK15: 2 | AL15: ='Purchase August 2026'!Q29 -> Copenhagen Tuborg Strong Premium Beer 330MLx24Btls(0205) | AM15: ='Purchase August 2026'!R29 -> 2 | AN15: ='Purchase August 2026'!S29 -> 0 | AO15: ='Purchase August 2026'!T29 -> 2725.8 | AP15: =('Purchase August 2026'!U29)*1.1 -> 5996.76 | AR15: 2 | AS15: ='Purchase August 2026'!X15 -> Bagpiper Deluxe Whisky-Tetra Pack (40%) 180MLx48Btls(0544) | AT15: ='Purchase August 2026'!Y15 -> 2 | AU15: ='Purchase August 2026'!Z15 -> 0 | AV15: ='Purchase August 2026'!AA15 -> 6731.49 | AW15: =('Purchase August 2026'!AB15)*1.1 -> 14809.278 | AY15: 2 | AZ15: ='Purchase August 2026'!X32 -> Platinum Romanov Flavoured Vodka Zesty Orange 180MLx48Btls(0538) | BA15: ='Purchase August 2026'!Y32 -> 1 | BB15: ='Purchase August 2026'!Z32 -> 0 | BC15: ='Purchase August 2026'!AA32 -> 8307.33 | BD15: =('Purchase August 2026'!AB32)*1.1 -> 9138.063
B16: 3 | C16: ='Purchase August 2026'!C16 -> After Dark Blue Classic Grain Whisky-PET 180MLx48P.Btls(0537) | D16: ='Purchase August 2026'!D16 -> 1 | E16: ='Purchase August 2026'!E16 -> 0 | F16: ='Purchase August 2026'!F16 -> 8718.78 | G16: =('Purchase August 2026'!G16)*1.1 -> 9590.658 | I16: 3 | J16: ='Purchase August 2026'!C32 -> Smirnoff Orange Triple Distilled Vodka 750MLx12Btls(0020) | K16: ='Purchase August 2026'!D32 -> 0 | L16: ='Purchase August 2026'!E32 -> 3 | M16: ='Purchase August 2026'!F32 -> 14276.28 | N16: =('Purchase August 2026'!G32)*1.1 -> 3925.977 | P16: 3 | Q16: ='Purchase August 2026'!J16 -> Bagpiper Deluxe Whisky-Tetra Pack (40%) 180MLx48Btls(0544) | R16: ='Purchase August 2026'!K16 -> 1 | S16: ='Purchase August 2026'!L16 -> 0 | T16: ='Purchase August 2026'!M16 -> 6731.49 | U16: =('Purchase August 2026'!N16)*1.1 -> 7404.639 | W16: 3 | X16: ='Purchase August 2026'!J32 -> Magic Moments Remix Flavoured Vodka ORANGE 750ML(0502) | Y16: ='Purchase August 2026'!K32 -> 0 | Z16: ='Purchase August 2026'!L32 -> 3 | AA16: ='Purchase August 2026'!M32 -> 11873.32 | AB16: =('Purchase August 2026'!N32)*1.1 -> 3265.163 | AD16: 3 | AE16: ='Purchase August 2026'!Q16 -> Director's Special Whisky-Tetra Pack 180MLx48T.Packs(0524) | AF16: ='Purchase August 2026'!R16 -> 1 | AG16: ='Purchase August 2026'!S16 -> 0 | AH16: ='Purchase August 2026'!T16 -> 7156.97 | AI16: =('Purchase August 2026'!U16)*1.1 -> 7872.667 | AK16: 3 | AL16: ='Purchase August 2026'!Q30 -> Copenhagen Tuborg Strong Premium Beer 650MLx12Btls(0205) | AM16: ='Purchase August 2026'!R30 -> 6 | AN16: ='Purchase August 2026'!S30 -> 0 | AO16: ='Purchase August 2026'!T30 -> 1867.49 | AP16: =('Purchase August 2026'!U30)*1.1 -> 12325.434 | AR16: 3 | AS16: ='Purchase August 2026'!X16 -> Black & White Blended Scotch Whisky 750MLx12Btls(0020) | AT16: ='Purchase August 2026'!Y16 -> 0 | AU16: ='Purchase August 2026'!Z16 -> 3 | AV16: ='Purchase August 2026'!AA16 -> 25883.17 | AW16: =('Purchase August 2026'!AB16)*1.1 -> 7117.869 | AY16: 3 | AZ16: ='Purchase August 2026'!X33 -> Budweiser Magnum Premium Superior Beer 650MLx12Btls(0217) | BA16: ='Purchase August 2026'!Y33 -> 4 | BB16: ='Purchase August 2026'!Z33 -> 0 | BC16: ='Purchase August 2026'!AA33 -> 2727.27 | BD16: =('Purchase August 2026'!AB33)*1.1 -> 11999.988
B17: 4 | C17: ='Purchase August 2026'!C17 -> Bagpiper Deluxe Whisky-PET(40%)750MLx12P.Btls(0538) | D17: ='Purchase August 2026'!D17 -> 1 | E17: ='Purchase August 2026'!E17 -> 0 | F17: ='Purchase August 2026'!F17 -> 6984.75 | G17: =('Purchase August 2026'!G17)*1.1 -> 7683.225 | I17: 4 | J17: ='Purchase August 2026'!C33 -> Budweiser Magnum Beer 650MLx12Btls(0217) | K17: ='Purchase August 2026'!D33 -> 2 | L17: ='Purchase August 2026'!E33 -> 0 | M17: ='Purchase August 2026'!F33 -> 2727.19 | N17: =('Purchase August 2026'!G33)*1.1 -> 5999.818 | P17: 4 | Q17: ='Purchase August 2026'!J17 -> Black & White Blended Scotch Whisky 750MLx12Btls(0020) | R17: ='Purchase August 2026'!K17 -> 0 | S17: ='Purchase August 2026'!L17 -> 3 | T17: ='Purchase August 2026'!M17 -> 25883.17 | U17: =('Purchase August 2026'!N17)*1.1 -> 7117.869 | W17: 4 | X17: ='Purchase August 2026'!J33 -> Platinum Romanov Flavoured Vodka Zesty Orange 180MLx48Btls(0538) | Y17: ='Purchase August 2026'!K33 -> 1 | Z17: ='Purchase August 2026'!L33 -> 0 | AA17: ='Purchase August 2026'!M33 -> 8307.33 | AB17: =('Purchase August 2026'!N33)*1.1 -> 9138.063 | AD17: 4 | AE17: ='Purchase August 2026'!Q17 -> MCDOWELLS NO.1 PREMIUM RESERVE WHISKY 750MLx12Btls(0020) | AF17: ='Purchase August 2026'!R17 -> 1 | AG17: ='Purchase August 2026'!S17 -> 0 | AH17: ='Purchase August 2026'!T17 -> 9084.2 | AI17: =('Purchase August 2026'!U17)*1.1 -> 9992.62 | AK17: 4 | AL17: ='Purchase August 2026'!Q31 -> Kingfisher Premium Lager Beer 330MLx24Btls(0206) | AM17: ='Purchase August 2026'!R31 -> 1 | AN17: ='Purchase August 2026'!S31 -> 0 | AO17: ='Purchase August 2026'!T31 -> 1233.92 | AP17: =('Purchase August 2026'!U31)*1.1 -> 1357.312 | AR17: 4 | AS17: ='Purchase August 2026'!X17 -> Black & White Blended Scotch Whisky-PET 180MLx48P.Btls(0020) | AT17: ='Purchase August 2026'!Y17 -> 0 | AU17: ='Purchase August 2026'!Z17 -> 24 | AV17: ='Purchase August 2026'!AA17 -> 25154.37 | AW17: =('Purchase August 2026'!AB17)*1.1 -> 13834.909 | AY17: 4 | AZ17: ='Purchase August 2026'!X34 -> Carlsberg Elephant Strong Super Premium Beer 650MLx12Btls(0205) | BA17: ='Purchase August 2026'!Y34 -> 2 | BB17: ='Purchase August 2026'!Z34 -> 0 | BC17: ='Purchase August 2026'!AA34 -> 2591.91 | BD17: =('Purchase August 2026'!AB34)*1.1 -> 5702.202
B18: 5 | C18: ='Purchase August 2026'!C18 -> DSP Black Deluxe Whisky-PET 180MLx48P.Btls(0020) | D18: ='Purchase August 2026'!D18 -> 2 | E18: ='Purchase August 2026'!E18 -> 0 | F18: ='Purchase August 2026'!F18 -> 8805.34 | G18: =('Purchase August 2026'!G18)*1.1 -> 19371.748 | I18: 5 | J18: ='Purchase August 2026'!C34 -> Carlsberg Elephant Strong Super Premium Beer 650MLx12Btls(0205) | K18: ='Purchase August 2026'!D34 -> 2 | L18: ='Purchase August 2026'!E34 -> 0 | M18: ='Purchase August 2026'!F34 -> 2591.91 | N18: =('Purchase August 2026'!G34)*1.1 -> 5702.202 | P18: 5 | Q18: ='Purchase August 2026'!J18 -> Black & White Blended Scotch Whisky-PET 180MLx48P.Btls(0020) | R18: ='Purchase August 2026'!K18 -> 0 | S18: ='Purchase August 2026'!L18 -> 24 | T18: ='Purchase August 2026'!M18 -> 25154.37 | U18: =('Purchase August 2026'!N18)*1.1 -> 13834.909 | W18: 5 | X18: ='Purchase August 2026'!J34 -> Smirnoff Orange Triple Distilled Vodka-PET 180MLx48P.Btls(0020) | Y18: ='Purchase August 2026'!K34 -> 0 | Z18: ='Purchase August 2026'!L34 -> 12 | AA18: ='Purchase August 2026'!M34 -> 13903.17 | AB18: =('Purchase August 2026'!N34)*1.1 -> 3823.369 | AD18: 5 | AE18: ='Purchase August 2026'!Q18 -> McDowell's No.1 Luxury Select Collection Whisky 750MLx12Btls(0524) | AF18: ='Purchase August 2026'!R18 -> 2 | AG18: ='Purchase August 2026'!S18 -> 0 | AH18: ='Purchase August 2026'!T18 -> 9628.7 | AI18: =('Purchase August 2026'!U18)*1.1 -> 21183.14 | AK18: 5 | AL18: ='Purchase August 2026'!Q32 -> Kingfisher Premium Lager Beer 650MLx12Btls(0210) | AM18: ='Purchase August 2026'!R32 -> 4 | AN18: ='Purchase August 2026'!S32 -> 0 | AO18: ='Purchase August 2026'!T32 -> 1187.75 | AP18: =('Purchase August 2026'!U32)*1.1 -> 5226.1 | AR18: 5 | AS18: ='Purchase August 2026'!X18 -> DSP Black Deluxe Whisky-PET 180MLx48P.Btls(0020) | AT18: ='Purchase August 2026'!Y18 -> 2 | AU18: ='Purchase August 2026'!Z18 -> 0 | AV18: ='Purchase August 2026'!AA18 -> 8805.34 | AW18: =('Purchase August 2026'!AB18)*1.1 -> 19371.748 | AY18: 5 | AZ18: ='Purchase August 2026'!X35 -> Copenhagen Tuborg Strong Premium Beer 330MLx24Btls(0205) | BA18: ='Purchase August 2026'!Y35 -> 2 | BB18: ='Purchase August 2026'!Z35 -> 0 | BC18: ='Purchase August 2026'!AA35 -> 2725.8 | BD18: =('Purchase August 2026'!AB35)*1.1 -> 5996.76
B19: 6 | C19: ='Purchase August 2026'!C19 -> Iconiq White Grand International Grain Whisky 180MLx48Btls(0608) | D19: ='Purchase August 2026'!D19 -> 1 | E19: ='Purchase August 2026'!E19 -> 0 | F19: ='Purchase August 2026'!F19 -> 8726.82 | G19: =('Purchase August 2026'!G19)*1.1 -> 9599.502 | I19: 6 | J19: ='Purchase August 2026'!C35 -> Kingfisher Premium Lager Beer 330MLx24Btls(0206) | K19: ='Purchase August 2026'!D35 -> 1 | L19: ='Purchase August 2026'!E35 -> 0 | M19: ='Purchase August 2026'!F35 -> 1233.92 | N19: =('Purchase August 2026'!G35)*1.1 -> 1357.312 | P19: 6 | Q19: ='Purchase August 2026'!J19 -> Director's Special Whisky-Tetra Pack 180MLx48T.Packs(0524) | R19: ='Purchase August 2026'!K19 -> 1 | S19: ='Purchase August 2026'!L19 -> 0 | T19: ='Purchase August 2026'!M19 -> 7156.97 | U19: =('Purchase August 2026'!N19)*1.1 -> 7872.667 | W19: 6 | X19: ='Purchase August 2026'!J35 -> Budweiser Magnum Beer 650MLx12Btls(0217) | Y19: ='Purchase August 2026'!K35 -> 4 | Z19: ='Purchase August 2026'!L35 -> 0 | AA19: ='Purchase August 2026'!M35 -> 2727.19 | AB19: =('Purchase August 2026'!N35)*1.1 -> 11999.636 | AD19: 6 | AE19: ='Purchase August 2026'!Q19 -> McDowell's No.1 Supreme Special Whisky Original 180MLx48Btls(0524) | AF19: ='Purchase August 2026'!R19 -> 1 | AG19: ='Purchase August 2026'!S19 -> 0 | AH19: ='Purchase August 2026'!T19 -> 9295.78 | AI19: =('Purchase August 2026'!U19)*1.1 -> 10225.358 | AK19: 6 | AL19: ='Purchase August 2026'!Q33 -> Kingfisher Strong Premium Beer 330MLx24Btls(0206) | AM19: ='Purchase August 2026'!R33 -> 1 | AN19: ='Purchase August 2026'!S33 -> 0 | AO19: ='Purchase August 2026'!T33 -> 2093.97 | AP19: =('Purchase August 2026'!U33)*1.1 -> 2303.367 | AR19: 6 | AS19: ='Purchase August 2026'!X19 -> McDowell's No.1 Luxury Select Collection Whisky 750MLx12Btls(0524) | AT19: ='Purchase August 2026'!Y19 -> 3 | AU19: ='Purchase August 2026'!Z19 -> 0 | AV19: ='Purchase August 2026'!AA19 -> 9628.7 | AW19: =('Purchase August 2026'!AB19)*1.1 -> 31774.71 | AY19: 6 | AZ19: ='Purchase August 2026'!X36 -> Copenhagen Tuborg Strong Premium Beer 650MLx12Btls(0205) | BA19: ='Purchase August 2026'!Y36 -> 10 | BB19: ='Purchase August 2026'!Z36 -> 0 | BC19: ='Purchase August 2026'!AA36 -> 1867.49 | BD19: =('Purchase August 2026'!AB36)*1.1 -> 20542.39
B20: 7 | C20: ='Purchase August 2026'!C20 -> Mcdowell's No 1 Luxury Select Collection Whisky 180MLx48Btls(0020) | D20: ='Purchase August 2026'!D20 -> 5 | E20: ='Purchase August 2026'!E20 -> 0 | F20: ='Purchase August 2026'!F20 -> 9295.78 | G20: =('Purchase August 2026'!G20)*1.1 -> 51126.79 | I20: 7 | J20: ='Purchase August 2026'!C36 -> Kingfisher Premium Lager Beer 650MLx12Btls(0210) | K20: ='Purchase August 2026'!D36 -> 5 | L20: ='Purchase August 2026'!E36 -> 0 | M20: ='Purchase August 2026'!F36 -> 1187.75 | N20: =('Purchase August 2026'!G36)*1.1 -> 6532.625 | P20: 7 | Q20: ='Purchase August 2026'!J20 -> McDowell's No.1 Luxury Select Collection Whisky 750MLx12Btls(0524) | R20: ='Purchase August 2026'!K20 -> 1 | S20: ='Purchase August 2026'!L20 -> 0 | T20: ='Purchase August 2026'!M20 -> 9628.7 | U20: =('Purchase August 2026'!N20)*1.1 -> 10591.57 | W20: 7 | X20: ='Purchase August 2026'!J36 -> Budweiser Magnum Premium Superior Beer 650MLx12Btls(0217) | Y20: ='Purchase August 2026'!K36 -> 3 | Z20: ='Purchase August 2026'!L36 -> 0 | AA20: ='Purchase August 2026'!M36 -> 2727.27 | AB20: =('Purchase August 2026'!N36)*1.1 -> 8999.991 | AD20: 7 | AE20: ='Purchase August 2026'!Q20 -> Officer's Choice Special Whisky-Aseptic Brick Pack 180MLx48ABP(0608) | AF20: ='Purchase August 2026'!R20 -> 1 | AG20: ='Purchase August 2026'!S20 -> 0 | AH20: ='Purchase August 2026'!T20 -> 7179.32 | AI20: =('Purchase August 2026'!U20)*1.1 -> 7897.252 | AK20: 7 | AL20: ='Purchase August 2026'!Q34 -> Kingfisher Strong Premium Beer 650MLx12Btls(0210) | AM20: ='Purchase August 2026'!R34 -> 5 | AN20: ='Purchase August 2026'!S34 -> 0 | AO20: ='Purchase August 2026'!T34 -> 1953.04 | AP20: =('Purchase August 2026'!U34)*1.1 -> 10741.72 | AR20: 7 | AS20: ='Purchase August 2026'!X20 -> McDowell's No.1 Supreme Special Whisky Original 180MLx48Btls(0524) | AT20: ='Purchase August 2026'!Y20 -> 2 | AU20: ='Purchase August 2026'!Z20 -> 0 | AV20: ='Purchase August 2026'!AA20 -> 9295.78 | AW20: =('Purchase August 2026'!AB20)*1.1 -> 20450.716 | AY20: 7 | AZ20: ='Purchase August 2026'!X37 -> Corona Extra Premium Beer 330MLx24Btls(0254) | BA20: ='Purchase August 2026'!Y37 -> 1 | BB20: ='Purchase August 2026'!Z37 -> 0 | BC20: ='Purchase August 2026'!AA37 -> 2756.72 | BD20: =('Purchase August 2026'!AB37)*1.1 -> 3032.392
B21: 8 | C21: ='Purchase August 2026'!C21 -> Officer's Choice Special Whisky-PET 750MLx12P.Btls(0608) | D21: ='Purchase August 2026'!D21 -> 1 | E21: ='Purchase August 2026'!E21 -> 0 | F21: ='Purchase August 2026'!F21 -> 7447.05 | G21: =('Purchase August 2026'!G21)*1.1 -> 8191.755 | I21: 8 | J21: ='Purchase August 2026'!C37 -> Kingfisher Strong Premium Beer 330MLx24Btls(0206) | K21: ='Purchase August 2026'!D37 -> 1 | L21: ='Purchase August 2026'!E37 -> 0 | M21: ='Purchase August 2026'!F37 -> 2093.97 | N21: =('Purchase August 2026'!G37)*1.1 -> 2303.367 | P21: 8 | Q21: ='Purchase August 2026'!J21 -> McDowell's No.1 Supreme Special Whisky Original 180MLx48Btls(0524) | R21: ='Purchase August 2026'!K21 -> 1 | S21: ='Purchase August 2026'!L21 -> 0 | T21: ='Purchase August 2026'!M21 -> 9295.78 | U21: =('Purchase August 2026'!N21)*1.1 -> 10225.358 | W21: 8 | X21: ='Purchase August 2026'!J37 -> Copenhagen Tuborg Strong Premium Beer 330MLx24Btls(0205) | Y21: ='Purchase August 2026'!K37 -> 2 | Z21: ='Purchase August 2026'!L37 -> 0 | AA21: ='Purchase August 2026'!M37 -> 2725.8 | AB21: =('Purchase August 2026'!N37)*1.1 -> 5996.76 | AD21: 8 | AE21: ='Purchase August 2026'!Q21 -> Officer's Choice Special Whisky-PET 750MLx12P.Btls(0608) | AF21: ='Purchase August 2026'!R21 -> 1 | AG21: ='Purchase August 2026'!S21 -> 0 | AH21: ='Purchase August 2026'!T21 -> 7447.05 | AI21: =('Purchase August 2026'!U21)*1.1 -> 8191.755 | AK21: 8 | AL21: ='Purchase August 2026'!Q35 -> UB Export Premium Lager Beer 330MLx24Btls(0206) | AM21: ='Purchase August 2026'!R35 -> 1 | AN21: ='Purchase August 2026'!S35 -> 0 | AO21: ='Purchase August 2026'!T35 -> 1636.01 | AP21: =('Purchase August 2026'!U35)*1.1 -> 1799.611 | AR21: 8 | AS21: ='Purchase August 2026'!X21 -> Officer's Choice Special Whisky-Aseptic Brick Pack 180MLx48ABP(0608) | AT21: ='Purchase August 2026'!Y21 -> 1 | AU21: ='Purchase August 2026'!Z21 -> 0 | AV21: ='Purchase August 2026'!AA21 -> 7179.32 | AW21: =('Purchase August 2026'!AB21)*1.1 -> 7897.252 | AY21: 8 | AZ21: ='Purchase August 2026'!X38 -> Heineken Silver 100% Malt Lager Beer 650MLx12Btls(0210) | BA21: ='Purchase August 2026'!Y38 -> 1 | BB21: ='Purchase August 2026'!Z38 -> 0 | BC21: ='Purchase August 2026'!AA38 -> 2118.99 | BD21: =('Purchase August 2026'!AB38)*1.1 -> 2330.889
B22: 9 | C22: ='Purchase August 2026'!C22 -> Seagram's Imperial Blue Select Batch Grain Whisky 180MLx48Btls(0601) | D22: ='Purchase August 2026'!D22 -> 2 | E22: ='Purchase August 2026'!E22 -> 0 | F22: ='Purchase August 2026'!F22 -> 8726.82 | G22: =('Purchase August 2026'!G22)*1.1 -> 19199.004 | I22: 9 | J22: ='Purchase August 2026'!C38 -> Kingfisher Strong Premium Beer 650MLx12Btls(0210) | K22: ='Purchase August 2026'!D38 -> 5 | L22: ='Purchase August 2026'!E38 -> 0 | M22: ='Purchase August 2026'!F38 -> 1953.04 | N22: =('Purchase August 2026'!G38)*1.1 -> 10741.72 | P22: 9 | Q22: ='Purchase August 2026'!J22 -> Officer's Choice Special Whisky-Aseptic Brick Pack 180MLx48ABP(0608) | R22: ='Purchase August 2026'!K22 -> 1 | S22: ='Purchase August 2026'!L22 -> 0 | T22: ='Purchase August 2026'!M22 -> 7179.32 | U22: =('Purchase August 2026'!N22)*1.1 -> 7897.252 | W22: 9 | X22: ='Purchase August 2026'!J38 -> Copenhagen Tuborg Strong Premium Beer 650MLx12Btls(0205) | Y22: ='Purchase August 2026'!K38 -> 10 | Z22: ='Purchase August 2026'!L38 -> 0 | AA22: ='Purchase August 2026'!M38 -> 1867.49 | AB22: =('Purchase August 2026'!N38)*1.1 -> 20542.39 | AD22: 9 | AE22: ='Purchase August 2026'!Q22 -> Seagram's Imperial Blue Select Batch Grain Whisky 180MLx48Btls(0601) | AF22: ='Purchase August 2026'!R22 -> 2 | AG22: ='Purchase August 2026'!S22 -> 0 | AH22: ='Purchase August 2026'!T22 -> 8726.82 | AI22: =('Purchase August 2026'!U22)*1.1 -> 19199.004 | AK22: 9 | AL22: ='Purchase August 2026'!Q36 -> UB Export Premium Lager Beer 650MLx12Btls(0210) | AM22: ='Purchase August 2026'!R36 -> 1 | AN22: ='Purchase August 2026'!S36 -> 0 | AO22: ='Purchase August 2026'!T36 -> 1472.7 | AP22: =('Purchase August 2026'!U36)*1.1 -> 1619.97 | AR22: 9 | AS22: ='Purchase August 2026'!X22 -> Royal Challenge Premium Select Whisky-PET 180MLx48P.Btls(0020) | AT22: ='Purchase August 2026'!Y22 -> 1 | AU22: ='Purchase August 2026'!Z22 -> 0 | AV22: ='Purchase August 2026'!AA22 -> 12215.05 | AW22: =('Purchase August 2026'!AB22)*1.1 -> 13436.555 | AY22: 9 | AZ22: ='Purchase August 2026'!X39 -> Kingfisher Premium Lager Beer 330MLx24Btls(0206) | BA22: ='Purchase August 2026'!Y39 -> 1 | BB22: ='Purchase August 2026'!Z39 -> 0 | BC22: ='Purchase August 2026'!AA39 -> 1233.92 | BD22: =('Purchase August 2026'!AB39)*1.1 -> 1357.312
B23: 10 | C23: ='Purchase August 2026'!C23 -> Seagram's Imperial Blue Select Batch Grain Whisky 750MLx12Btls(0601) | D23: ='Purchase August 2026'!D23 -> 1 | E23: ='Purchase August 2026'!E23 -> 0 | F23: ='Purchase August 2026'!F23 -> 9085.2 | G23: =('Purchase August 2026'!G23)*1.1 -> 9993.72 | I23: 10 | J23: ='Purchase August 2026'!C39 -> Kingfisher Ultra Lager Beer 650MLx12Btls(0210) | K23: ='Purchase August 2026'!D39 -> 3 | L23: ='Purchase August 2026'!E39 -> 0 | M23: ='Purchase August 2026'!F39 -> 1636.34 | N23: =('Purchase August 2026'!G39)*1.1 -> 5399.922 | P23: 10 | Q23: ='Purchase August 2026'!J23 -> Seagram's Imperial Blue Select Batch Grain Whisky 180MLx48Btls(0601) | R23: ='Purchase August 2026'!K23 -> 2 | S23: ='Purchase August 2026'!L23 -> 0 | T23: ='Purchase August 2026'!M23 -> 8726.82 | U23: =('Purchase August 2026'!N23)*1.1 -> 19199.004 | W23: 10 | X23: ='Purchase August 2026'!J39 -> Kingfisher Premium Lager Beer 330MLx24Btls(0206) | Y23: ='Purchase August 2026'!K39 -> 1 | Z23: ='Purchase August 2026'!L39 -> 0 | AA23: ='Purchase August 2026'!M39 -> 1233.92 | AB23: =('Purchase August 2026'!N39)*1.1 -> 1357.312 | AD23: 10 | AE23: ='Purchase August 2026'!Q23 -> Seagram's Blenders Pride Rare Premium Whisky 180ML(0091) | AF23: ='Purchase August 2026'!R23 -> 2 | AG23: ='Purchase August 2026'!S23 -> 0 | AH23: ='Purchase August 2026'!T23 -> 15054.42 | AI23: =('Purchase August 2026'!U23)*1.1 -> 33119.724 | AK23: 10 | AL23: ='Purchase August 2026'!Q37 -> UB Export Strong Premium Beer 330MLx24Btls(0206) | AM23: ='Purchase August 2026'!R37 -> 1 | AN23: ='Purchase August 2026'!S37 -> 0 | AO23: ='Purchase August 2026'!T37 -> 2017.56 | AP23: =('Purchase August 2026'!U37)*1.1 -> 2219.316 | AR23: 10 | AS23: ='Purchase August 2026'!X23 -> Seagram's Imperial Blue Select Batch Grain Whisky 180MLx48Btls(0601) | AT23: ='Purchase August 2026'!Y23 -> 4 | AU23: ='Purchase August 2026'!Z23 -> 0 | AV23: ='Purchase August 2026'!AA23 -> 8726.82 | AW23: =('Purchase August 2026'!AB23)*1.1 -> 38398.008 | AY23: 10 | AZ23: ='Purchase August 2026'!X40 -> Kingfisher Premium Lager Beer 650MLx12Btls(0210) | BA23: ='Purchase August 2026'!Y40 -> 4 | BB23: ='Purchase August 2026'!Z40 -> 0 | BC23: ='Purchase August 2026'!AA40 -> 1187.75 | BD23: =('Purchase August 2026'!AB40)*1.1 -> 5226.1
B24: 11 | C24: ='Purchase August 2026'!C24 -> Seagram's 100 Pipers Deluxe Blended Scotch Whisky 180ML(0091) | D24: ='Purchase August 2026'!D24 -> 0 | E24: ='Purchase August 2026'!E24 -> 12 | F24: ='Purchase August 2026'!F24 -> 25308.14 | G24: =('Purchase August 2026'!G24)*1.1 -> 6959.744 | I24: 11 | J24: ='Purchase August 2026'!C40 -> Kingfisher Ultra Max Premium Strong Beer 650MLx12Btls(0210) | K24: ='Purchase August 2026'!D40 -> 3 | L24: ='Purchase August 2026'!E40 -> 0 | M24: ='Purchase August 2026'!F40 -> 2672.71 | N24: =('Purchase August 2026'!G40)*1.1 -> 8819.943 | P24: 11 | Q24: ='Purchase August 2026'!J24 -> Seagram's Imperial Blue Select Batch Grain Whisky 750MLx12Btls(0601) | R24: ='Purchase August 2026'!K24 -> 1 | S24: ='Purchase August 2026'!L24 -> 0 | T24: ='Purchase August 2026'!M24 -> 9085.2 | U24: =('Purchase August 2026'!N24)*1.1 -> 9993.72 | W24: 11 | X24: ='Purchase August 2026'!J40 -> Kingfisher Premium Lager Beer 650MLx12Btls(0210) | Y24: ='Purchase August 2026'!K40 -> 4 | Z24: ='Purchase August 2026'!L40 -> 0 | AA24: ='Purchase August 2026'!M40 -> 1187.75 | AB24: =('Purchase August 2026'!N40)*1.1 -> 5226.1 | AD24: 11 | AE24: ='Purchase August 2026'!Q24 -> Seagram's Blenders Pride Rare Premium Whisky 750ML(0091) | AF24: ='Purchase August 2026'!R24 -> 0 | AG24: ='Purchase August 2026'!S24 -> 7 | AH24: ='Purchase August 2026'!T24 -> 14508.28 | AI24: =('Purchase August 2026'!U24)*1.1 -> 9309.476 | AK24: 11 | AL24: ='Purchase August 2026'!Q38 -> UB Export Strong Premium Beer 650MLx12Btls(0210) | AM24: ='Purchase August 2026'!R38 -> 6 | AN24: ='Purchase August 2026'!S38 -> 0 | AO24: ='Purchase August 2026'!T38 -> 1455.84 | AP24: =('Purchase August 2026'!U38)*1.1 -> 9608.544 | AR24: 11 | AS24: ='Purchase August 2026'!X24 -> Seagram's Imperial Blue Select Batch Grain Whisky 750MLx12Btls(0601) | AT24: ='Purchase August 2026'!Y24 -> 1 | AU24: ='Purchase August 2026'!Z24 -> 0 | AV24: ='Purchase August 2026'!AA24 -> 9085.2 | AW24: =('Purchase August 2026'!AB24)*1.1 -> 9993.72 | AY24: 11 | AZ24: ='Purchase August 2026'!X41 -> Kingfisher Strong Premium Beer 330MLx24Btls(0206) | BA24: ='Purchase August 2026'!Y41 -> 1 | BB24: ='Purchase August 2026'!Z41 -> 0 | BC24: ='Purchase August 2026'!AA41 -> 2093.97 | BD24: =('Purchase August 2026'!AB41)*1.1 -> 2303.367
B25: 12 | C25: ='Purchase August 2026'!C25 -> Seagram's Blenders Pride Rare Premium Whisky 180ML(0091) | D25: ='Purchase August 2026'!D25 -> 2 | E25: ='Purchase August 2026'!E25 -> 0 | F25: ='Purchase August 2026'!F25 -> 15054.42 | G25: =('Purchase August 2026'!G25)*1.1 -> 33119.724 | I25: 12 | J25: ='Purchase August 2026'!C41 -> Tuborg Strong Premium Beer 650MLx12Btls(0205) | K25: ='Purchase August 2026'!D41 -> 10 | L25: ='Purchase August 2026'!E41 -> 0 | M25: ='Purchase August 2026'!F41 -> 1809.6 | N25: =('Purchase August 2026'!G41)*1.1 -> 19905.6 | P25: 12 | Q25: ='Purchase August 2026'!J25 -> Seagram's 100 Pipers Deluxe Blended Scotch Whisky 750ML(0091) | R25: ='Purchase August 2026'!K25 -> 0 | S25: ='Purchase August 2026'!L25 -> 3 | T25: ='Purchase August 2026'!M25 -> 25882.17 | U25: =('Purchase August 2026'!N25)*1.1 -> 7117.594 | W25: 12 | X25: ='Purchase August 2026'!J41 -> Kingfisher Strong Premium Beer 330MLx24Btls(0206) | Y25: ='Purchase August 2026'!K41 -> 1 | Z25: ='Purchase August 2026'!L41 -> 0 | AA25: ='Purchase August 2026'!M41 -> 2093.97 | AB25: =('Purchase August 2026'!N41)*1.1 -> 2303.367 | AD25: 12 | AE25: ='Purchase August 2026'!Q25 -> Seagram's Royal Stag Deluxe Whisky 180ML(0091) | AF25: ='Purchase August 2026'!R25 -> 1 | AG25: ='Purchase August 2026'!S25 -> 0 | AH25: ='Purchase August 2026'!T25 -> 12028.12 | AI25: =('Purchase August 2026'!U25)*1.1 -> 13230.932 | AK25: 12 | AL25: ='Purchase August 2026'!Q39 -> Budweiser Magnum Premium Superior Beer-CAN 330MLx24Cans(0217) | AM25: ='Purchase August 2026'!R39 -> 1 | AN25: ='Purchase August 2026'!S39 -> 0 | AO25: ='Purchase August 2026'!T39 -> 2181.82 | AP25: =('Purchase August 2026'!U39)*1.1 -> 2400.002 | AR25: 12 | AS25: ='Purchase August 2026'!X25 -> Seagram's 100 Pipers Deluxe Blended Scotch Whisky 180ML(0091) | AT25: ='Purchase August 2026'!Y25 -> 0 | AU25: ='Purchase August 2026'!Z25 -> 24 | AV25: ='Purchase August 2026'!AA25 -> 25308.14 | AW25: =('Purchase August 2026'!AB25)*1.1 -> 13919.477 | AY25: 12 | AZ25: ='Purchase August 2026'!X42 -> Kingfisher Strong Premium Beer 650MLx12Btls(0210) | BA25: ='Purchase August 2026'!Y42 -> 8 | BB25: ='Purchase August 2026'!Z42 -> 0 | BC25: ='Purchase August 2026'!AA42 -> 1953.04 | BD25: =('Purchase August 2026'!AB42)*1.1 -> 17186.752
B26: 13 | C26: ='Purchase August 2026'!C26 -> Seagram's Blenders Pride Rare Premium Whisky 750ML(0091) | D26: ='Purchase August 2026'!D26 -> 0 | E26: ='Purchase August 2026'!E26 -> 6 | F26: ='Purchase August 2026'!F26 -> 14508.28 | G26: =('Purchase August 2026'!G26)*1.1 -> 7979.554 | I26: 13 | J26: ='Purchase August 2026'!C42 -> UB Export Strong Premium Beer 330MLx24Btls(0206) | K26: ='Purchase August 2026'!D42 -> 1 | L26: ='Purchase August 2026'!E42 -> 0 | M26: ='Purchase August 2026'!F42 -> 2017.56 | N26: =('Purchase August 2026'!G42)*1.1 -> 2219.316 | P26: 13 | Q26: ='Purchase August 2026'!J26 -> Seagram's Blenders Pride Rare Premium Whisky 750ML(0091) | R26: ='Purchase August 2026'!K26 -> 0 | S26: ='Purchase August 2026'!L26 -> 6 | T26: ='Purchase August 2026'!M26 -> 14508.28 | U26: =('Purchase August 2026'!N26)*1.1 -> 7979.554 | W26: 13 | X26: ='Purchase August 2026'!J42 -> Kingfisher Ultra Max Premium Strong Beer 650MLx12Btls(0210) | Y26: ='Purchase August 2026'!K42 -> 1 | Z26: ='Purchase August 2026'!L42 -> 0 | AA26: ='Purchase August 2026'!M42 -> 2672.71 | AB26: =('Purchase August 2026'!N42)*1.1 -> 2939.981 | AD26: 13 | AE26: ='Purchase August 2026'!Q26 -> Old Monk Very Old Vatted Special XXX Rum-Aseptic Brick Pack 180MLx48ABP(0532) | AF26: ='Purchase August 2026'!R26 -> 1 | AG26: ='Purchase August 2026'!S26 -> 0 | AH26: ='Purchase August 2026'!T26 -> 7629.11 | AI26: =('Purchase August 2026'!U26)*1.1 -> 8392.021 | AK26: 13 | AL26: ='Purchase August 2026'!Q40 -> Budweiser Premium King of Beers-CAN 500MLx24Cans(0217) | AM26: ='Purchase August 2026'!R40 -> 1 | AN26: ='Purchase August 2026'!S40 -> 0 | AO26: ='Purchase August 2026'!T40 -> 3439.88 | AP26: =('Purchase August 2026'!U40)*1.1 -> 3783.868 | AR26: 13 | AS26: ='Purchase August 2026'!X26 -> Seagram's Blenders Pride Rare Premium Whisky 180ML(0091) | AT26: ='Purchase August 2026'!Y26 -> 1 | AU26: ='Purchase August 2026'!Z26 -> 0 | AV26: ='Purchase August 2026'!AA26 -> 15054.42 | AW26: =('Purchase August 2026'!AB26)*1.1 -> 16559.862 | AY26: 13 | AZ26: ='Purchase August 2026'!X43 -> Kingfisher Ultra Max Premium Strong Beer 650MLx12Btls(0210) | BA26: ='Purchase August 2026'!Y43 -> 1 | BB26: ='Purchase August 2026'!Z43 -> 0 | BC26: ='Purchase August 2026'!AA43 -> 2672.71 | BD26: =('Purchase August 2026'!AB43)*1.1 -> 2939.981
B27: 14 | C27: ='Purchase August 2026'!C27 -> Seagram's Royal Stag Deluxe Whisky 180ML(0091) | D27: ='Purchase August 2026'!D27 -> 1 | E27: ='Purchase August 2026'!E27 -> 0 | F27: ='Purchase August 2026'!F27 -> 12028.12 | G27: =('Purchase August 2026'!G27)*1.1 -> 13230.932 | I27: 14 | J27: ='Purchase August 2026'!C43 -> UB Export Strong Premium Beer 650MLx12Btls(0206) | K27: ='Purchase August 2026'!D43 -> 10 | L27: ='Purchase August 2026'!E43 -> 0 | M27: ='Purchase August 2026'!F43 -> 1455.84 | N27: =('Purchase August 2026'!G43)*1.1 -> 16014.24 | P27: 14 | Q27: ='Purchase August 2026'!J27 -> Seagram's Royal Stag Deluxe Whisky 180ML(0091) | R27: ='Purchase August 2026'!K27 -> 1 | S27: ='Purchase August 2026'!L27 -> 0 | T27: ='Purchase August 2026'!M27 -> 12028.12 | U27: =('Purchase August 2026'!N27)*1.1 -> 13230.932 | W27: 14 | X27: ='Purchase August 2026'!J43 -> UB Export Strong Premium Beer 330MLx24Btls(0206) | Y27: ='Purchase August 2026'!K43 -> 1 | Z27: ='Purchase August 2026'!L43 -> 0 | AA27: ='Purchase August 2026'!M43 -> 2017.56 | AB27: =('Purchase August 2026'!N43)*1.1 -> 2219.316 | AD27: 14 | AE27: ='Purchase August 2026'!Q27 -> Magic Moments Remix Flavoured Vodka ORANGE 180ML(0502) | AF27: ='Purchase August 2026'!R27 -> 0 | AG27: ='Purchase August 2026'!S27 -> 24 | AH27: ='Purchase August 2026'!T27 -> 11500.22 | AI27: =('Purchase August 2026'!U27)*1.1 -> 6325.121 | AL27: Total | AM27: =SUM(AM14:AM26) -> 34 | AN27: =SUM(AN14:AN26) -> 0 | AP27: =SUM(AP14:AP26) -> 69203.288 | AR27: 14 | AS27: ='Purchase August 2026'!X27 -> Seagram's Royal Stag Deluxe Whisky 180ML(0091) | AT27: ='Purchase August 2026'!Y27 -> 1 | AU27: ='Purchase August 2026'!Z27 -> 0 | AV27: ='Purchase August 2026'!AA27 -> 12028.12 | AW27: =('Purchase August 2026'!AB27)*1.1 -> 13230.932 | AY27: 14 | AZ27: ='Purchase August 2026'!X44 -> UB Export Strong Premium Beer 330MLx24Btls(0206) | BA27: ='Purchase August 2026'!Y44 -> 1 | BB27: ='Purchase August 2026'!Z44 -> 0 | BC27: ='Purchase August 2026'!AA44 -> 2017.56 | BD27: =('Purchase August 2026'!AB44)*1.1 -> 2219.316
B28: 15 | C28: ='Purchase August 2026'!C28 -> Seagram's Royal Stag Deluxe Whisky 750ML(0091) | D28: ='Purchase August 2026'!D28 -> 0 | E28: ='Purchase August 2026'!E28 -> 6 | F28: ='Purchase August 2026'!F28 -> 12453.96 | G28: =('Purchase August 2026'!G28)*1.1 -> 6849.678 | I28: 15 | J28: ='Purchase August 2026'!C44 -> Budweiser Magnum Beer-CAN 500MLx24Cans(0217) | K28: ='Purchase August 2026'!D44 -> 1 | L28: ='Purchase August 2026'!E44 -> 0 | M28: ='Purchase August 2026'!F44 -> 4279.99 | N28: =('Purchase August 2026'!G44)*1.1 -> 4707.989 | P28: 15 | Q28: ='Purchase August 2026'!J28 -> Seagram's Royal Stag Deluxe Whisky 750ML(0091) | R28: ='Purchase August 2026'!K28 -> 0 | S28: ='Purchase August 2026'!L28 -> 6 | T28: ='Purchase August 2026'!M28 -> 12453.96 | U28: =('Purchase August 2026'!N28)*1.1 -> 6849.678 | W28: 15 | X28: ='Purchase August 2026'!J44 -> UB Export Strong Premium Beer 650MLx12Btls(0210) | Y28: ='Purchase August 2026'!K44 -> 10 | Z28: ='Purchase August 2026'!L44 -> 0 | AA28: ='Purchase August 2026'!M44 -> 1455.84 | AB28: =('Purchase August 2026'!N44)*1.1 -> 16014.24 | AE28: Total | AF28: =SUM(AF14:AF27) -> 16 | AG28: =SUM(AG14:AG27) -> 31 | AI28: =SUM(AI14:AI27) -> 179434.22 | AR28: 15 | AS28: ='Purchase August 2026'!X28 -> TI Mansion House Premium French Brandy 180MLx48Btls(0542) | AT28: ='Purchase August 2026'!Y28 -> 1 | AU28: ='Purchase August 2026'!Z28 -> 0 | AV28: ='Purchase August 2026'!AA28 -> 8774.05 | AW28: =('Purchase August 2026'!AB28)*1.1 -> 9651.455 | AY28: 15 | AZ28: ='Purchase August 2026'!X45 -> UB Export Strong Premium Beer 650MLx12Btls(0210) | BA28: ='Purchase August 2026'!Y45 -> 10 | BB28: ='Purchase August 2026'!Z45 -> 0 | BC28: ='Purchase August 2026'!AA45 -> 1455.84 | BD28: =('Purchase August 2026'!AB45)*1.1 -> 16014.24
B29: 16 | C29: ='Purchase August 2026'!C29 -> Signature Rare Aged Whisky 750ml(0020) | D29: ='Purchase August 2026'!D29 -> 0 | E29: ='Purchase August 2026'!E29 -> 3 | F29: ='Purchase August 2026'!F29 -> 14467.88 | G29: =('Purchase August 2026'!G29)*1.1 -> 3978.667 | I29: 16 | J29: ='Purchase August 2026'!C45 -> Budweiser Premium King of Beers-CAN 500MLx24Cans(0217) | K29: ='Purchase August 2026'!D45 -> 1 | L29: ='Purchase August 2026'!E45 -> 0 | M29: ='Purchase August 2026'!F45 -> 3439.88 | N29: =('Purchase August 2026'!G45)*1.1 -> 3783.868 | P29: 16 | Q29: ='Purchase August 2026'!J29 -> TI Mansion House Premium French Brandy 180MLx48Btls(0542) | R29: ='Purchase August 2026'!K29 -> 1 | S29: ='Purchase August 2026'!L29 -> 0 | T29: ='Purchase August 2026'!M29 -> 8774.05 | U29: =('Purchase August 2026'!N29)*1.1 -> 9651.455 | X29: Total | Y29: =SUM(Y14:Y28) -> 40 | Z29: =SUM(Z14:Z28) -> 15 | AB29: =SUM(AB14:AB28) -> 110089.26 | AR29: 16 | AS29: ='Purchase August 2026'!X29 -> TI Mansion House Premium French Brandy 750MLx12Btls(0542) | AT29: ='Purchase August 2026'!Y29 -> 1 | AU29: ='Purchase August 2026'!Z29 -> 0 | AV29: ='Purchase August 2026'!AA29 -> 9085.2 | AW29: =('Purchase August 2026'!AB29)*1.1 -> 9993.72 | AY29: 16 | AZ29: ='Purchase August 2026'!X46 -> Budweiser Magnum Beer-CAN 500MLx24Cans(0217) | BA29: ='Purchase August 2026'!Y46 -> 1 | BB29: ='Purchase August 2026'!Z46 -> 0 | BC29: ='Purchase August 2026'!AA46 -> 4279.99 | BD29: =('Purchase August 2026'!AB46)*1.1 -> 4707.989
C30: Total | D30: =SUM(D14:D29) -> 17 | E30: =SUM(E14:E29) -> 75 | G30: =SUM(G14:G29) -> 211674.7 | J30: Total | K30: =SUM(K14:K29) -> 46 | L30: =SUM(L14:L29) -> 6 | N30: =SUM(N14:N29) -> 109071.08 | Q30: Total | R30: =SUM(R14:R29) -> 12 | S30: =SUM(S14:S29) -> 42 | U30: =SUM(U14:U29) -> 144846.16 | AR30: 17 | AS30: ='Purchase August 2026'!X30 -> Hercules Old Matured Deluxe 3x Rum 750Ml(0003) | AT30: ='Purchase August 2026'!Y30 -> 0 | AU30: ='Purchase August 2026'!Z30 -> 6 | AV30: ='Purchase August 2026'!AA30 -> 12635.87 | AW30: =('Purchase August 2026'!AB30)*1.1 -> 6949.734 | AZ30: Total | BA30: =SUM(BA14:BA29) -> 49 | BB30: =SUM(BB14:BB29) -> 0 | BD30: =SUM(BD14:BD29) -> 119089.76
AS31: Total | AT31: =SUM(AT14:AT30) -> 21 | AU31: =SUM(AU14:AU30) -> 57 | AW31: =SUM(AW14:AW30) -> 255073.17
